{"mean": {"entropy": 25.487877837263063, "pc": 31.335891353444293, "shf": 1.1652485943134536, "msi": 243.41047075843738, "used": 0.3731865959315765, "blocked": 0.02311604253351826}, "std": {"entropy": 12.345338871411519, "pc": 69.54455778126479, "shf": 0.45443217843930517, "msi": 107.07797717406243, "used": 0.15752891558896515, "blocked": 0.15028942847507187}}