{"mean": {"entropy": 28.326787232485717, "pc": 20.282554526800002, "bfr": 0.6463968543, "shf": 1.3432607200285716, "msi": 305.1296373654143, "used": 0.38388867218571426, "blocked": 3.2873428571428573}, "std": {"entropy": 11.794605776274462, "pc": 29.849287443878914, "bfr": 0.18913324714004331, "shf": 0.301684346857253, "msi": 66.62747029459943, "used": 0.18091102685638316, "blocked": 7.036070222235056}}